Url,ClaimId,ClaimText,RelatedText,ClaimReason,TranslatedClaim,ClaimType,IsCompliant,NumViolations,ViolationCodes,Warnings,SuggestedAlternative,RelatedUrls,RunTimestamp
https://www.vattenfall.nl//grootzakelijk/groen-gas/,688E083896415F65,Verduurzaam uw bedrijf met groen gas (https://www.vattenfall.nl/grootzakelijk/groen-gas/nederlands-groen-gas/),Verduurzaam uw bedrijf met groen gas (https://www.vattenfall.nl/grootzakelijk/groen-gas/nederlands-groen-gas/),"The statement directly promotes Vattenfall's green gas product as a way to make a business more sustainable, which is a classic sustainability claim per the provided definitions.",Make your business more sustainable with green gas (https://www.vattenfall.nl/grootzakelijk/groen-gas/nederlands-groen-gas/),Regular,False,1,GreenGas,"Topic Renewable Energy is satisfied.|[EmissionsClarification] Emissions clarification missing in claim and broader page context.|[FossilFreeTerminology] |[CertificationVertiCer] Certification explanation not in claim or page context, but found in related URLs content.|[GreenComposition] ","Maak uw bedrijf duurzamer door over te stappen op gecertificeerd Nederlands groen gas. Bij het gebruik van groen gas komt nog steeds CO₂ vrij, maar deze CO₂ is eerder door de gebruikte biogrondstoffen uit de lucht opgenomen, waardoor er geen extra CO₂ in omloop komt. Lees meer over de herkomst en certificering van ons groen gas op https://www.vattenfall.nl/grootzakelijk/groen-gas/nederlands-groen-gas/.",https://www.vattenfall.nl/grootzakelijk/groen-gas/nederlands-groen-gas/,2026-03-02T13:46:19.5573061Z
https://www.vattenfall.nl//grootzakelijk/groen-gas/,6CBE999076C11FBA,Groen gas is zo'n duurzaam alternatief (https://www.vattenfall.nl/grootzakelijk/groen-gas/#groengas) .,Om de CO 2 -uitstoot van aardgas terug te dringen zijn we op zoek naar duurzame alterna­tieven die geschikt zijn voor het bestaande gasnet. Groen gas is zo'n duurzaam alternatief (https://www.vattenfall.nl/grootzakelijk/groen-gas/#groengas) .,"The statement describes Vattenfall's green gas as a sustainable alternative, and the context (Vattenfall product page) confirms it is about a Vattenfall offering, meeting the definition of a sustainability claim.",Green gas is such a sustainable alternative (https://www.vattenfall.nl/grootzakelijk/groen-gas/#groengas).,Regular,False,2,GreenGas|GreenGas,"Topic Renewable Energy is satisfied.|[FossilFreeTerminology] |[CertificationVertiCer] Certification explanation not found in claim, broader page context nor related URLs content.|[GreenComposition] ","Groen gas kan een duurzamer alternatief zijn voor aardgas, omdat het wordt geproduceerd uit organische reststromen zoals mest, gft-afval en rioolslib. Ons groen gas is gecertificeerd met Garanties van Oorsprong (GvOs) van VertiCer, zodat u zeker weet dat het daadwerkelijk uit duurzame bronnen afkomstig is. Meer informatie over de duurzaamheid en certificering van groen gas vindt u op https://www.vattenfall.nl/grootzakelijk/groen-gas/#groengas.",https://www.vattenfall.nl/grootzakelijk/groen-gas/#groengas,2026-03-02T13:46:19.1419638Z
https://www.vattenfall.nl//grootzakelijk/groen-gas/,F9F204FD95E3C31E,"Groen gas is een gas op basis van biogas (https://www.milieucentraal.nl/klimaat-en-aarde/energiebronnen/groen-gas/#van-biogas-naar-groen-gas) . Biogas wordt gemaakt uit biomassa: afval uit landbouw, industrie en huishoudens. Met groen gas in het gasnet is er minder aardgas nodig voor het verwarmen van woningen en in de industrie. Dat scheelt in de uitstoot van CO 2 .","Groen gas is een gas op basis van biogas (https://www.milieucentraal.nl/klimaat-en-aarde/energiebronnen/groen-gas/#van-biogas-naar-groen-gas) . Biogas wordt gemaakt uit biomassa: afval uit landbouw, industrie en huishoudens. Met groen gas in het gasnet is er minder aardgas nodig voor het verwarmen van woningen en in de industrie. Dat scheelt in de uitstoot van CO 2 .","On a Vattenfall page, statements about green gas and its CO₂ benefits are considered claims about Vattenfall's green gas product, per the rules.","Green gas is a gas based on biogas (https://www.milieucentraal.nl/klimaat-en-aarde/energiebronnen/groen-gas/#van-biogas-naar-groen-gas). Biogas is made from biomass: waste from agriculture, industry, and households. With green gas in the gas network, less natural gas is needed for heating homes and in industry. This reduces CO2 emissions.",Regular,True,0,,"[FossilFreeTerminology] |[CertificationVertiCer] Certification explanation not in claim or page context, but found in related URLs content.|[GreenComposition] ",,https://www.milieucentraal.nl/klimaat-en-aarde/energiebronnen/groen-gas/#van-biogas-naar-groen-gas,2026-03-02T13:46:18.7832915Z
https://www.vattenfall.nl//grootzakelijk/groen-gas/,D990CE4A30C34823,"Groen gas is een duurzamer alternatief voor aardgas omdat het gemaakt wordt uit natuurlijke grondstoffen, zoals organisch afval, mest en rioolslib.","Groen gas is een duurzamer alternatief voor aardgas omdat het gemaakt wordt uit natuurlijke grondstoffen, zoals organisch afval, mest en rioolslib. Om groen gas te maken, is eerst biogas (https://www.milieucentraal.nl/klimaat-en-aarde/energiebronnen/biomassa/#biogas) nodig. Biogas kan worden gemaakt door biomassa (https://www.milieucentraal.nl/klimaat-en-aarde/energiebronnen/biomassa/) , materiaal van dierlijke of plantaardige herkomst, om te zetten in gas. Het ontstane biogas wordt daarna gezuiverd en verbeterd, zodat er groen gas ontstaat. De CO 2 die met groen gas wordt uitgestoten, is eerder door de gebruikte biogrondstoffen uit de lucht opgenomen. Er komt dus geen extra CO2 (https://co2emissiefactoren.nl/factoren/2024/10/brandstoffen-energieopwekking/) in omloop.","On a Vattenfall page, statements about green gas sustainability are considered claims about the Vattenfall Green Gas product, per the inclusion rules.","Green gas is a more sustainable alternative to natural gas because it is made from natural raw materials, such as organic waste, manure, and sewage sludge.",Regular,False,2,GreenGas|GreenGas,"[EmissionsClarification] Emissions clarification missing in claim and broader page context.|[FossilFreeTerminology] |[CertificationVertiCer] Certification explanation not found in claim, broader page context nor related URLs content.|[GreenComposition] ","Groen gas is een duurzamer alternatief voor aardgas omdat het gemaakt wordt uit natuurlijke grondstoffen, zoals organisch afval, mest en rioolslib. Om groen gas te maken, is eerst biogas nodig. Biogas kan worden gemaakt door biomassa, materiaal van dierlijke of plantaardige herkomst, om te zetten in gas. Het ontstane biogas wordt daarna gezuiverd en verbeterd, zodat er groen gas ontstaat. Bij het gebruik van groen gas komt er nog steeds CO₂ vrij, maar deze CO₂ is eerder door de gebruikte biogrondstoffen uit de lucht opgenomen. Er komt dus geen extra CO₂ in omloop. | Groen gas is een alternatief voor aardgas omdat het gemaakt wordt uit natuurlijke grondstoffen, zoals organisch afval, mest en rioolslib. Ons groen gas is gecertificeerd met Garanties van Oorsprong (GvOs) van VertiCer, waardoor u zeker weet dat het daadwerkelijk uit duurzame bronnen komt.",https://www.milieucentraal.nl/klimaat-en-aarde/energiebronnen/biomassa/#biogas|https://www.milieucentraal.nl/klimaat-en-aarde/energiebronnen/biomassa/|https://co2emissiefactoren.nl/factoren/2024/10/brandstoffen-energieopwekking/,2026-03-02T13:46:18.1622247Z
https://www.vattenfall.nl//grootzakelijk/groen-gas/,7DEC1AADFB5FB855,"Voor de productie van groen gas worden natuurlijke restmaterialen (https://www.milieucentraal.nl/klimaat-en-aarde/energiebronnen/groen-gas/#hoe-duurzaam-is-groen-gas) gebruikt. die niet voor andere doeleinden gebruikt kunnen worden (zoals mest, slib en gft-afval (https://www.milieucentraal.nl/klimaat-en-aarde/energiebronnen/biomassa/#biomassa-in-het-kort) ). Er komt geen extra CO2 (https://co2emissiefactoren.nl/factoren/2024/10/brandstoffen-energieopwekking/) bij vrij.","Voor de productie van groen gas worden natuurlijke restmaterialen (https://www.milieucentraal.nl/klimaat-en-aarde/energiebronnen/groen-gas/#hoe-duurzaam-is-groen-gas) gebruikt. die niet voor andere doeleinden gebruikt kunnen worden (zoals mest, slib en gft-afval (https://www.milieucentraal.nl/klimaat-en-aarde/energiebronnen/biomassa/#biomassa-in-het-kort) ). Er komt geen extra CO2 (https://co2emissiefactoren.nl/factoren/2024/10/brandstoffen-energieopwekking/) bij vrij.","On a Vattenfall page, statements about the sustainability of green gas are considered Vattenfall sustainability claims, as they describe the environmental benefits of a Vattenfall product.","For the production of green gas, natural residual materials are used that cannot be used for other purposes (such as manure, sludge, and organic waste). No additional CO2 is released.",Regular,True,0,,"Topic Renewable Energy is satisfied.|[EmissionsClarificationPage] Emissions clarification absent in claim text; relying on broader page context.|[FossilFreeTerminology] |[CertificationVertiCer] Certification explanation not in claim or page context, but found in related URLs content.|[GreenComposition] ",,https://www.milieucentraal.nl/klimaat-en-aarde/energiebronnen/groen-gas/#hoe-duurzaam-is-groen-gas|https://www.milieucentraal.nl/klimaat-en-aarde/energiebronnen/biomassa/#biomassa-in-het-kort|https://co2emissiefactoren.nl/factoren/2024/10/brandstoffen-energieopwekking/,2026-03-02T13:46:16.5252573Z
https://www.vattenfall.nl//grootzakelijk/groen-gas/,E83A6883097FEDB1,"Wij dragen actief bij aan de vergroting van het aanbod van groen gas. Zo hebben we begin 2024 een duur&shy;zame samenwerking met Renewi afgesloten. Vattenfall zal jaarlijks ruim 7,5 miljoen m3  groen gas afnemen van Renewi. Het groene gas gemaakt uit etensresten wordt toegevoegd aan het reguliere gasnetwerk, waar het zich vermengt met het aardgas en zo onze gasmix verduurzaamt.","Wij dragen actief bij aan de vergroting van het aanbod van groen gas. Zo hebben we begin 2024 een duur&shy;zame samenwerking met Renewi afgesloten. Vattenfall zal jaarlijks ruim 7,5 miljoen m3  groen gas afnemen van Renewi. Het groene gas gemaakt uit etensresten wordt toegevoegd aan het reguliere gasnetwerk, waar het zich vermengt met het aardgas en zo onze gasmix verduurzaamt.  Hoe we onze gasmix verduurzamen (https://www.vattenfall.nl/grootzakelijk/klanten-vertellen/renewi/#gas)","The statement describes a Vattenfall activity (sourcing and injecting green gas) that claims to make its gas mix more sustainable, directly asserting an environmental benefit of a Vattenfall product/service.","We actively contribute to increasing the supply of green gas. For example, at the beginning of 2024, we entered into a sustainable partnership with Renewi. Vattenfall will purchase over 7.5 million m³ of green gas from Renewi annually. The green gas, made from food waste, is added to the regular gas network, where it mixes with natural gas and thus makes our gas mix more sustainable.",Regular,False,1,GreenGas,"[EmissionsClarificationPage] Emissions clarification absent in claim text; relying on broader page context.|[FossilFreeTerminology] |[CertificationVertiCer] Certification explanation not found in claim, broader page context nor related URLs content.|[GreenComposition] ","Wij dragen actief bij aan de vergroting van het aanbod van groen gas. Zo hebben we begin 2024 een duurzame samenwerking met Renewi afgesloten, omdat het groene gas dat wij afnemen gecertificeerd is met Garanties van Oorsprong (GvOs) van VertiCer. Vattenfall zal jaarlijks ruim 7,5 miljoen m3  groen gas afnemen van Renewi. Het groene gas gemaakt uit etensresten wordt toegevoegd aan het reguliere gasnetwerk, waar het zich vermengt met het aardgas en zo onze gasmix verduurzaamt.",https://www.vattenfall.nl/grootzakelijk/klanten-vertellen/renewi/#gas,2026-03-02T13:46:16.0216826Z
https://www.vattenfall.nl//grootzakelijk/groen-gas/,5FAF235C487DBECE,"De CO 2 die met groen gas wordt uitgestoten, is eerder door de gebruikte biogrondstoffen uit de lucht opgenomen. Er komt dus geen extra CO2 (https://co2emissiefactoren.nl/factoren/2024/10/brandstoffen-energieopwekking/) in omloop.","De CO 2 die met groen gas wordt uitgestoten, is eerder door de gebruikte biogrondstoffen uit de lucht opgenomen. Er komt dus geen extra CO2 (https://co2emissiefactoren.nl/factoren/2024/10/brandstoffen-energieopwekking/) in omloop.","This statement explains the CO₂-neutral characteristic of green gas, which is a Vattenfall product, thus meeting the definition of a Vattenfall sustainability claim.","The CO2 emitted with green gas was previously absorbed from the air by the biogenic raw materials used. Therefore, no additional CO2 is released into circulation.",Regular,False,2,GreenGas|GreenGas,"Topic Renewable Energy is satisfied.|[EmissionsClarification] Emissions clarification missing in claim and broader page context.|[FossilFreeTerminology] |[CertificationVertiCer] Certification explanation not found in claim, broader page context nor related URLs content.|[GreenComposition] ","Bij het gebruik van groen gas komt er nog steeds CO2 vrij, maar deze CO2 is eerder door de gebruikte biogrondstoffen uit de lucht opgenomen. Volgens de emissiefactoren (https://co2emissiefactoren.nl/factoren/2024/10/brandstoffen-energieopwekking/) is er geen netto toename van CO2, mits de volledige keten wordt meegenomen. De uitstoot wordt dus niet volledig geëlimineerd. Ons groen gas is gecertificeerd met Garanties van Oorsprong (GvOs) van VertiCer.",https://co2emissiefactoren.nl/factoren/2024/10/brandstoffen-energieopwekking/,2026-03-02T13:46:15.3113016Z
https://www.vattenfall.nl//grootzakelijk/groen-gas/,0954F5435707037A,"Het gas is een duurzaam alternatief voor aardgas, dat geschikt is voor het bestaande gasnet.","Vattenfall is in maart 2023 officieel toegetreden tot het ReFerm consortium als afnemer van groen gas. Het groen gas wordt geproduceerd uit mest in kleinschalige vergisters bij Nederlandse (melk)veehouders. Het gas is een duurzaam alternatief voor aardgas, dat geschikt is voor het bestaande gasnet.  Lees meer over de toetreding (https://ekwadraat.com/nieuws/referm-verwelkomt-vattenfall-als-afnemer-van-groen-gas/)",This is a Vattenfall sustainability claim because it describes Vattenfall's purchase of green gas and explicitly states its sustainability benefit as an alternative to natural gas.,"The gas is a sustainable alternative to natural gas, suitable for the existing gas network.",Regular,False,1,GreenGas,"Topic Renewable Energy is satisfied.|[EmissionsClarification] Emissions clarification missing in claim and broader page context.|[FossilFreeTerminology] |[CertificationVertiCer] Certification explanation not in claim or page context, but found in related URLs content.|[GreenComposition] ","Het groen gas, geproduceerd uit mest in kleinschalige vergisters bij Nederlandse (melk)veehouders, is geschikt voor het bestaande gasnet. Het gas wordt gemaakt uit biogrondstoffen die eerder CO₂ uit de lucht hebben opgenomen. Bij het gebruik van groen gas komt nog steeds CO₂ vrij, maar er komt geen extra CO₂ in omloop. Meer informatie over de herkomst en duurzaamheid van dit gas vindt u op https://ekwadraat.com/nieuws/referm-verwelkomt-vattenfall-als-afnemer-van-groen-gas/.",https://ekwadraat.com/nieuws/referm-verwelkomt-vattenfall-als-afnemer-van-groen-gas/,2026-03-02T13:46:14.7013658Z
https://www.vattenfall.nl//grootzakelijk/groen-gas/,287330EB86F54245,Het klimaatakkoord (https://www.rijksoverheid.nl/onderwerpen/klimaatverandering/klimaatverandering-beperken) in Nederland heeft ambitieuze doelen gesteld om de CO 2 -uitstoot te verminderen en de overgang naar een duurzame energievoorziening te versnellen.,Het klimaatakkoord (https://www.rijksoverheid.nl/onderwerpen/klimaatverandering/klimaatverandering-beperken) in Nederland heeft ambitieuze doelen gesteld om de CO 2 -uitstoot te verminderen en de overgang naar een duurzame energievoorziening te versnellen. Zo ook op het gebied van gas. Om de CO 2 -uitstoot van aardgas terug te dringen zijn we op zoek naar duurzame alterna­tieven die geschikt zijn voor het bestaande gasnet. Groen gas is zo'n duurzaam alternatief (https://www.vattenfall.nl/grootzakelijk/groen-gas/#groengas) .,"The statement describes green gas as a sustainable alternative and links directly to Vattenfall's green gas product, meeting the criteria for a Vattenfall sustainability claim.",The climate agreement (https://www.rijksoverheid.nl/onderwerpen/klimaatverandering/klimaatverandering-beperken) in the Netherlands has set ambitious goals to reduce CO2 emissions and accelerate the transition to a sustainable energy supply.,Ambition,False,1,GreenGas,"[FossilFreeTerminology] |[CertificationVertiCer] Certification explanation not found in claim, broader page context nor related URLs content.|[GreenComposition] ","Het klimaatakkoord in Nederland heeft als ambitie om de CO2-uitstoot in 2030 met 49% te verminderen ten opzichte van 1990 (zie https://www.rijksoverheid.nl/onderwerpen/klimaatverandering/klimaatverandering-beperken). Hiervoor zijn maatregelen opgenomen, zoals het stimuleren van duurzame energie en het zoeken naar alternatieven voor aardgas, waaronder groen gas. Groen gas is zo'n duurzaam alternatief, omdat het gecertificeerd is met Garanties van Oorsprong (GvOs) van VertiCer, waardoor de herkomst en duurzaamheid van het gas worden gegarandeerd.",https://www.rijksoverheid.nl/onderwerpen/klimaatverandering/klimaatverandering-beperken|https://www.vattenfall.nl/grootzakelijk/groen-gas/#groengas,2026-03-02T13:46:14.3785783Z
https://www.vattenfall.nl//grootzakelijk/groen-gas/,CA8B7584A00D665F,Wij hebben het voornemen om 100% groen gas te leveren aan onze klanten thuis en in het mkb die in 2040 nog gas verbruiken.,Wij hebben het voornemen om 100% groen gas te leveren aan onze klanten thuis en in het mkb die in 2040 nog gas verbruiken. Vattenfall draagt hiervoor actief bij aan de enorme vergroting van het aanbod van groen gas dat nodig is om dit mogelijk te maken.  We helpen onze klanten op weg (https://www.vattenfall.nl/over-vattenfall/wat-we-doen/we-helpen-onze-klanten-op-weg/#doen),"This is a Vattenfall sustainability claim because it states a concrete ambition for a Vattenfall product (green gas) with a clear sustainability angle (100% green gas by 2040), and describes Vattenfall's active role in enabling this.",We intend to supply 100% green gas to our residential and SME customers who will still be using gas in 2040.,Ambition,False,1,GreenGas,"Topic Renewable Energy is satisfied.|[EmissionsClarificationPage] Emissions clarification absent in claim text; relying on broader page context.|[FossilFreeTerminology] |[CertificationVertiCer] Certification explanation not found in claim, broader page context nor related URLs content.|[GreenComposition] ","Wij hebben het voornemen om in 2040 100% groen gas te leveren aan onze particuliere en mkb-klanten die dan nog gas verbruiken. Ons groen gas is gecertificeerd met Garanties van Oorsprong (GvOs) van VertiCer, zodat u zeker weet dat het gas daadwerkelijk een duurzame herkomst heeft. We werken hieraan door actief bij te dragen aan de vergroting van het aanbod van groen gas. Meer informatie over onze aanpak, concrete stappen en tussentijdse doelen vindt u op https://www.vattenfall.nl/over-vattenfall/wat-we-doen/we-helpen-onze-klanten-op-weg/#doen.",https://www.vattenfall.nl/over-vattenfall/wat-we-doen/we-helpen-onze-klanten-op-weg/#doen,2026-03-02T13:46:13.9352780Z
https://www.vattenfall.nl//stroom-gas/wat-is-duurder-gas-of-stroom/,D85B683A9020C43B,"Onze groene stroom wordt opgewekt uit hernieuwbare bronnen, zoals zonne- en windenergie. In de afgelopen jaren hebben we 100% groene stroom (https://www.vattenfall.nl/groene-stroom/) geleverd aan klanten thuis en in het mkb. Meer informatie hierover vind je in het stroometiket (https://www.vattenfall.nl/stroom/stroometiket/) .","Onze groene stroom wordt opgewekt uit hernieuwbare bronnen, zoals zonne- en windenergie. In de afgelopen jaren hebben we 100% groene stroom (https://www.vattenfall.nl/groene-stroom/) geleverd aan klanten thuis en in het mkb. Meer informatie hierover vind je in het stroometiket (https://www.vattenfall.nl/stroom/stroometiket/) .","The statement describes the environmental benefits of Vattenfall's green electricity product, specifying renewable sources and 100% delivery to customers, which fits the definition of a Vattenfall sustainability claim.","Our green electricity is generated from renewable sources, such as solar and wind energy. In recent years, we have supplied 100% green electricity (https://www.vattenfall.nl/groene-stroom/) to customers at home and in small and medium-sized businesses. More information about this can be found in the electricity label (https://www.vattenfall.nl/stroom/stroometiket/).",Regular,False,3,GreenElectricity|EnergyLabel|EnergyLabel,"[GroenUitNlProduct] |De tekst moet duidelijk maken dat het net een mix van groene en grijze stroom bevat, tenzij het aanbod exclusief groen is.","Onze groene stroom wordt opgewekt uit hernieuwbare bronnen, zoals zonne- en windenergie. In de afgelopen jaren hebben we 100% groene stroom geleverd aan klanten thuis en in het mkb. Houd er rekening mee dat het elektriciteitsnet een mix van groene en grijze stroom bevat. Het stroometiket elektriciteit (https://www.vattenfall.nl/stroom/stroometiket/) laat zien uit welke energiebronnen onze stroom is opgewekt en geeft de samenstelling van de geleverde elektriciteit weer voor het betreffende jaar. Zo kunt u precies zien welk aandeel afkomstig is van zon, wind en andere bronnen.",https://www.vattenfall.nl/groene-stroom/|https://www.vattenfall.nl/stroom/stroometiket/,2026-03-02T13:42:39.7898911Z
https://www.vattenfall.nl//stroom-gas/wat-is-duurder-gas-of-stroom/,068267A156E308C7,"Groen gas is een duurzamer alternatief voor aardgas. (https://www.milieucentraal.nl/klimaat-en-aarde/energiebronnen/groen-gas/) Het wordt gemaakt van natuurlijke grondstoffen. Denk aan mest, slib, groente- fruit- en tuinafval (gft). Tijdens een proces van vergisting, zetten bacteriën dit afval om tot biogas. Dit biogas wordt gezuiverd, gedroogd en bewerkt tot groen gas. Als je kiest voor groen gas, vervang je daarmee een deel van het aardgas in ons gasnet. Als je kookt of verwarmt met groen gas, stoot je ook CO2 uit. Maar deze uitstoot is eerder door de gebruikte biogrondstoffen opgenomen uit de lucht. Als je alles bij elkaar optelt en kijkt naar de gehele keten, stoot je met groen gas minder CO2 uit dan met gewoon aardgas. (https://co2emissiefactoren.nl/factoren/2024/10/brandstoffen-energieopwekking/)","Groen gas is een duurzamer alternatief voor aardgas. (https://www.milieucentraal.nl/klimaat-en-aarde/energiebronnen/groen-gas/) Het wordt gemaakt van natuurlijke grondstoffen. Denk aan mest, slib, groente- fruit- en tuinafval (gft). Tijdens een proces van vergisting, zetten bacteriën dit afval om tot biogas. Dit biogas wordt gezuiverd, gedroogd en bewerkt tot groen gas. Als je kiest voor groen gas, vervang je daarmee een deel van het aardgas in ons gasnet. Als je kookt of verwarmt met groen gas, stoot je ook CO2 uit. Maar deze uitstoot is eerder door de gebruikte biogrondstoffen opgenomen uit de lucht. Als je alles bij elkaar optelt en kijkt naar de gehele keten, stoot je met groen gas minder CO2 uit dan met gewoon aardgas. (https://co2emissiefactoren.nl/factoren/2024/10/brandstoffen-energieopwekking/)","This statement describes the environmental benefits of green gas, which is a Vattenfall product, and compares its CO₂ emissions to natural gas. On a Vattenfall page, this is a sustainability claim per the rules.","Green gas is a more sustainable alternative to natural gas. It is made from natural raw materials, such as manure, sludge, and vegetable, fruit, and garden waste (VFG). During a fermentation process, bacteria convert this waste into biogas. This biogas is purified, dried, and processed into green gas. If you choose green gas, you replace part of the natural gas in our gas network. When you cook or heat with green gas, you also emit CO2. However, this emission was previously absorbed from the air by the biobased raw materials used. If you add everything up and look at the entire chain, you emit less CO2 with green gas than with regular natural gas.",Regular,True,0,,"[FossilFreeTerminology] |[CertificationVertiCer] Certification explanation not in claim or page context, but found in related URLs content.|[GreenComposition] ",,https://www.milieucentraal.nl/klimaat-en-aarde/energiebronnen/groen-gas/|https://co2emissiefactoren.nl/factoren/2024/10/brandstoffen-energieopwekking/,2026-03-02T13:42:38.9990189Z
https://www.vattenfall.nl//stroom-gas/wat-is-duurder-gas-of-stroom/,84658CC164C30232,"Word nú klant en ontvang groene stroom, met ons product Groen uit Nederland, opgewekt uit hernieuwbare energiebronnen in Nederland, zoals wind en zon. Bekijk hier het stroometiket (https://www.vattenfall.nl/stroom/stroometiket/) om te zien welke bronnen gebruikt worden voor onze stroom.","Kies voor stroom en/ of gas, met een variabele óf vaste prijs. Word nú klant en ontvang groene stroom, met ons product Groen uit Nederland, opgewekt uit hernieuwbare energiebronnen in Nederland, zoals wind en zon. Bekijk hier het stroometiket (https://www.vattenfall.nl/stroom/stroometiket/) om te zien welke bronnen gebruikt worden voor onze stroom.","The statement promotes a Vattenfall green electricity product ('Groen uit Nederland'), explicitly linking it to renewable sources and sustainability benefits, which fits the definition of a Vattenfall sustainability claim.","Become a customer now and receive green electricity with our product Green from the Netherlands, generated from renewable energy sources in the Netherlands, such as wind and sun. View the electricity label here (https://www.vattenfall.nl/stroom/stroometiket/) to see which sources are used for our electricity.",Regular,False,2,EnergyLabel|EnergyLabel,"[GroenUitNlProduct] ","Bekijk hier het stroometiket (https://www.vattenfall.nl/stroom/stroometiket/) om te zien uit welke energiebronnen onze stroom in 2023 is opgewekt. Het stroometiket geeft de samenstelling van onze elektriciteit weer, zodat u kunt zien welk aandeel afkomstig is van bijvoorbeeld wind, zon en andere bronnen. | Please specify a recognized energy label type (electricity or heat).",https://www.vattenfall.nl/stroom/stroometiket/,2026-03-02T13:42:36.6023082Z
https://www.vattenfall.nl//stroom-gas/wat-is-duurder-gas-of-stroom/,C4181AB86FB9C9CB,We zetten ons in voor een toekomst waarin we voor onze energie minder afhankelijk zijn van het gebruik van fossiele brandstoffen. Bekijk wat onze klimaatambitie (https://www.vattenfall.nl/media/4.-over-vattenfall-corporate/2.-wat-we-doen/1.-ons-plan/onze-klimaatambitie-rapport-co2-reductie-2017-2040-mei-2025.pdf) is om onze afhankelijkheid van deze brandstoffen zoveel mogelijk af te bouwen.,We zetten ons in voor een toekomst waarin we voor onze energie minder afhankelijk zijn van het gebruik van fossiele brandstoffen. Bekijk wat onze klimaatambitie (https://www.vattenfall.nl/media/4.-over-vattenfall-corporate/2.-wat-we-doen/1.-ons-plan/onze-klimaatambitie-rapport-co2-reductie-2017-2040-mei-2025.pdf) is om onze afhankelijkheid van deze brandstoffen zoveel mogelijk af te bouwen.,The statement asserts a concrete sustainability ambition for Vattenfall's energy operations—reducing fossil fuel dependence—making it a Vattenfall sustainability claim per the definition.,We are committed to a future in which we are less dependent on the use of fossil fuels for our energy. See what our climate ambition is to reduce our dependence on these fuels as much as possible.,Ambition,True,0,,,,https://www.vattenfall.nl/media/4.-over-vattenfall-corporate/2.-wat-we-doen/1.-ons-plan/onze-klimaatambitie-rapport-co2-reductie-2017-2040-mei-2025.pdf,2026-03-02T13:42:36.0823893Z
https://www.vattenfall.nl//mkb/zakelijke-energie/flexprijs-email/,D344378475F2BF8B,"Groene stroom (https://www.vattenfall.nl/groene-stroom/) is stroom die wordt opgewekt uit hernieuwbare energiebronnen die onuitputtelijk zijn, zoals wind, water en zon. Op ons stroometiket (https://www.vattenfall.nl/stroom/stroometiket/) zie je dat de groene stroom van ons product 'Groen uit Nederland' 100% wordt opgewekt uit wind en zon uit eigen land. Zakelijk FlexPrijsStroom wordt vermeld als ons stroomproduct ‘Groen uit Nederland’.","Groene stroom (https://www.vattenfall.nl/groene-stroom/) is stroom die wordt opgewekt uit hernieuwbare energiebronnen die onuitputtelijk zijn, zoals wind, water en zon. Op ons stroometiket (https://www.vattenfall.nl/stroom/stroometiket/) zie je dat de groene stroom van ons product 'Groen uit Nederland' 100% wordt opgewekt uit wind en zon uit eigen land. Zakelijk FlexPrijsStroom wordt vermeld als ons stroomproduct ‘Groen uit Nederland’.","The statement asserts that Vattenfall's 'Groen uit Nederland' product is 100% generated from renewable sources (wind and solar), which is a direct sustainability claim about a Vattenfall offering.","Green electricity (https://www.vattenfall.nl/groene-stroom/) is electricity generated from renewable energy sources that are inexhaustible, such as wind, water, and sun. On our electricity label (https://www.vattenfall.nl/stroom/stroometiket/) you can see that the green electricity from our product 'Green from the Netherlands' is generated 100% from wind and sun from our own country. Business FlexPricePower is listed as our electricity product ‘Green from the Netherlands’.",Regular,False,1,EnergyLabel,[GroenUitNlProduct] |[EnergyLabelYearExplanationClaim] Year and/or explanation missing in claim snippet but clearly present elsewhere on the page/context.,Please specify a recognized energy label type (electricity or heat).,https://www.vattenfall.nl/groene-stroom/|https://www.vattenfall.nl/stroom/stroometiket/,2026-03-02T13:40:04.8643002Z
https://www.vattenfall.nl//mkb/zakelijke-energie/flexprijs-email/,596DF8B2B5B02F68,De stroom van Zakelijk FlexPrijsStroom wordt opgewekt uit de hernieuwbare bronnen wind en zon uit Nederland. Zakelijk FlexPrijsStroom is vermeld als ‘Groen uit Nederland’. Bekijk ons stroometiket. (https://www.vattenfall.nl/stroom/stroometiket/),De stroom van Zakelijk FlexPrijsStroom wordt opgewekt uit de hernieuwbare bronnen wind en zon uit Nederland. Zakelijk FlexPrijsStroom is vermeld als ‘Groen uit Nederland’. Bekijk ons stroometiket. (https://www.vattenfall.nl/stroom/stroometiket/),"The statement describes the renewable origin of a specific Vattenfall electricity product and uses a sustainability-related product name, meeting the criteria for a Vattenfall sustainability claim.","The electricity from Zakelijk FlexPrijsStroom is generated from renewable sources, wind and sun, in the Netherlands. Zakelijk FlexPrijsStroom is listed as 'Green from the Netherlands'. View our electricity label. (https://www.vattenfall.nl/stroom/stroometiket/)",Regular,False,1,EnergyLabel,[GroenUitNlProduct] |[EnergyLabelYearExplanationClaim] Year and/or explanation missing in claim snippet but clearly present elsewhere on the page/context.,Please specify a recognized energy label type (electricity or heat).,https://www.vattenfall.nl/stroom/stroometiket/,2026-03-02T13:40:03.8776664Z
https://www.vattenfall.nl//mkb/zakelijke-energie/flexprijs-email/,0BF5C9EBD99F26E7,"Het stroometiket laat zien met welke energiebronnen onze stroom het afgelopen kalenderjaar is opgewekt. Je ziet ook wat het aandeel is van elke energiebron die gebruikt is. Bij Vattenfall NL Consumenten & MKB is 100% van de stroom opgewekt uit duurzame energiebronnen, zoals wind en zon in Nederland. Bekijk ons stroometiket (https://www.vattenfall.nl/stroom/stroometiket/)","Het stroometiket laat zien met welke energiebronnen onze stroom het afgelopen kalenderjaar is opgewekt. Je ziet ook wat het aandeel is van elke energiebron die gebruikt is. Bij Vattenfall NL Consumenten & MKB is 100% van de stroom opgewekt uit duurzame energiebronnen, zoals wind en zon in Nederland. Bekijk ons stroometiket (https://www.vattenfall.nl/stroom/stroometiket/)","This is a Vattenfall sustainability claim because it asserts that a specific Vattenfall electricity product (for NL Consumenten & MKB) is 100% generated from renewable sources, directly linking to environmental benefit.","The electricity label shows which energy sources were used to generate our electricity in the past calendar year. You can also see the share of each energy source that was used. At Vattenfall NL Consumers & SME, 100% of the electricity is generated from sustainable energy sources, such as wind and solar in the Netherlands. View our electricity label (https://www.vattenfall.nl/stroom/stroometiket/)",Regular,False,2,GreenElectricity|EnergyLabel,"Topic Renewable Energy is satisfied.|[GroenUitNlProduct] ","Het stroometiket voor het product Zakelijk FlexPrijsStroom van Vattenfall NL Consumenten & MKB laat zien met welke energiebronnen de elektriciteit het afgelopen kalenderjaar is opgewekt. Voor dit specifieke product is 100% van de stroom opgewekt uit hernieuwbare energiebronnen, zoals wind en zon in Nederland. Dit is te verifiëren via ons stroometiket voor elektriciteit: https://www.vattenfall.nl/stroom/stroometiket/",https://www.vattenfall.nl/stroom/stroometiket/,2026-03-02T13:40:03.2873899Z
https://www.vattenfall.nl//zzp/,4F15DBAA95779A82,We leverden in 2024 100% groene stroom thuis en in het mkb Bekijk ons stroometiket om te zien uit welke bronnen onze stroom wordt opgewekt (https://www.vattenfall.nl/stroom/stroometiket/),We leverden in 2024 100% groene stroom thuis en in het mkb Bekijk ons stroometiket om te zien uit welke bronnen onze stroom wordt opgewekt (https://www.vattenfall.nl/stroom/stroometiket/),"This is a Vattenfall sustainability claim because it asserts that Vattenfall supplied 100% green electricity (a Vattenfall product) to specific customer groups, implying a positive environmental impact.","In 2024, we supplied 100% green electricity to homes and small businesses. Check our electricity label to see which sources our electricity is generated from (https://www.vattenfall.nl/stroom/stroometiket/)",Regular,False,2,EnergyLabel|EnergyLabel,"Topic Renewable Energy is satisfied.|[GroenUitNlProduct] ","In 2024 leveren wij voor thuis en het mkb 100% groene stroom volgens ons stroometiket elektriciteit. Bekijk het actuele stroometiket (https://www.vattenfall.nl/stroom/stroometiket/) om te zien welke energiebronnen zijn gebruikt voor het opwekken van onze stroom en hoe deze zijn verdeeld. Het stroometiket geeft een overzicht van de samenstelling van onze geleverde elektriciteit, bijvoorbeeld het aandeel zon, wind, water en andere bronnen, en toont de certificering van de geleverde stroom.",https://www.vattenfall.nl/stroom/stroometiket/,2026-03-02T13:38:47.4645693Z
https://www.vattenfall.nl//zzp/,5043006825C64817,In 2024 ontvingen klanten thuis en in het mkb 100% groene stroom uit Nederland Bekijk ons stroometiket (https://www.vattenfall.nl/stroom/stroometiket/),In 2024 ontvingen klanten thuis en in het mkb 100% groene stroom uit Nederland Bekijk ons stroometiket (https://www.vattenfall.nl/stroom/stroometiket/),"The statement asserts that Vattenfall supplied 100% green electricity from the Netherlands to its customers in 2024, which is a direct sustainability claim about a Vattenfall product.","In 2024, customers at home and in small businesses received 100% green electricity from the Netherlands. View our electricity label (https://www.vattenfall.nl/stroom/stroometiket/)",Regular,False,3,GreenElectricity|EnergyLabel|EnergyLabel,"Topic Renewable Energy is satisfied.|[GroenUitNlProduct] ",In 2024 ontvingen klanten thuis en in het mkb 100% groene stroom uit Nederland via ons Groen uit Nederland-product. Bekijk ons stroometiket (https://www.vattenfall.nl/stroom/stroometiket/) om te zien welke energiebronnen zijn gebruikt voor het opwekken van onze stroom en hoe deze zijn verdeeld. Het stroometiket geeft inzicht in de samenstelling van de geleverde elektriciteit per jaar.,https://www.vattenfall.nl/stroom/stroometiket/,2026-03-02T13:38:47.0141120Z
https://www.vattenfall.nl//grootzakelijk/sectoren/vastgoed/vve-beheerders/,40D880E1A86B192D,NederlandsGroenGas als duurzamer alternatief voor aardgas (https://www.vattenfall.nl/grootzakelijk/groen-gas/nederlands-groen-gas/),NederlandsGroenGas als duurzamer alternatief voor aardgas (https://www.vattenfall.nl/grootzakelijk/groen-gas/nederlands-groen-gas/),"This is a Vattenfall sustainability claim because it promotes a specific Vattenfall product (NederlandsGroenGas) as a more sustainable alternative to natural gas, directly asserting an environmental benefit.",DutchGreenGas as a more sustainable alternative to natural gas (https://www.vattenfall.nl/grootzakelijk/groen-gas/nederlands-groen-gas/),Comparison,False,1,GreenGas,"Topic Renewable Energy is satisfied.|[FossilFreeTerminology] |[CertificationVertiCer] Certification explanation not in claim or page context, but found in related URLs content.|[GreenComposition] ","NederlandsGroenGas kan een duurzamer alternatief zijn voor aardgas, afhankelijk van de herkomst en productiemethode. Dit groene gas wordt geproduceerd uit organische reststromen zoals biomassa en organisch afval. Meer informatie over de duurzaamheid en samenstelling van NederlandsGroenGas is te vinden op https://www.vattenfall.nl/grootzakelijk/groen-gas/nederlands-groen-gas/.",https://www.vattenfall.nl/grootzakelijk/groen-gas/nederlands-groen-gas/,2026-03-02T13:37:30.0526264Z
https://www.vattenfall.nl//grootzakelijk/sectoren/vastgoed/vve-beheerders/,DD3DA03FBD2A0D3B,NederlandseWind: 100% duurzaam opgewekte windenergie (https://www.vattenfall.nl/grootzakelijk/windenergie-bedrijven/nederlandse-wind/),NederlandseWind: 100% duurzaam opgewekte windenergie (https://www.vattenfall.nl/grootzakelijk/windenergie-bedrijven/nederlandse-wind/),"This is a Vattenfall sustainability claim because it describes a Vattenfall electricity product ('NederlandseWind') as 100% sustainably generated wind energy, directly asserting an environmental benefit.",NederlandseWind: 100% sustainably generated wind energy (https://www.vattenfall.nl/grootzakelijk/windenergie-bedrijven/nederlandse-wind/),Regular,False,3,GreenElectricity|GreenElectricity|GreenElectricity,Topic Renewable Energy is satisfied.|[GroenUitNlProduct] Het gebruik van 'duurzaam' zonder feitelijke toelichting is niet toegestaan volgens de richtlijnen.|Stroometiket-link ontbreekt voor deze productclaim. Voeg een directe link toe naar het actuele stroometiket van Vattenfall om te voldoen aan transparantie-eisen.,"NederlandseWind: 100% van de elektriciteit voor het NederlandseWind-contract wordt opgewekt met Nederlandse windmolens, waardoor er geen directe CO2-uitstoot plaatsvindt omdat windmolens elektriciteit produceren zonder fossiele brandstoffen te gebruiken. De herkomst van deze stroom wordt volledig gedekt met Garanties van Oorsprong uit Nederlandse windparken en is bevestigd via het stroometiket. Meer informatie over de herkomst, certificering en het stroometiket vindt u op https://www.vattenfall.nl/grootzakelijk/windenergie-bedrijven/nederlandse-wind/.",https://www.vattenfall.nl/grootzakelijk/windenergie-bedrijven/nederlandse-wind/,2026-03-02T13:37:29.7298209Z
https://www.vattenfall.nl//grootzakelijk/sectoren/vastgoed/vve-beheerders/,2CC1D3C5D4D3C1D1,Wij zetten ons samen met onze klanten in voor een duurzame gebouwde omgeving (https://www.vattenfall.nl/grootzakelijk/sectoren/vastgoed/paris-proof/),Onze weg naar Paris Proof Wij zetten ons samen met onze klanten in voor een duurzame gebouwde omgeving (https://www.vattenfall.nl/grootzakelijk/sectoren/vastgoed/paris-proof/),"This is a Vattenfall sustainability claim because it states a concrete ambition for a more sustainable built environment, linked to Vattenfall's activities and the Paris Proof target.","Together with our customers, we are committed to a sustainable built environment (https://www.vattenfall.nl/grootzakelijk/sectoren/vastgoed/paris-proof/)",Ambition,False,1,ParisClimateTargets,De term 'Paris Proof' is jargon en wordt niet uitgelegd in de claim; dit kan voor verwarring zorgen bij lezers.,Wij streven ernaar om samen met onze klanten een duurzame gebouwde omgeving te realiseren door te werken aan gebouwen die voldoen aan de energie- en CO2-doelstellingen van het Klimaatakkoord van Parijs (Paris Proof: een gebouwde omgeving met een zeer lage CO2-uitstoot per vierkante meter). Op https://www.vattenfall.nl/grootzakelijk/sectoren/vastgoed/paris-proof/ vindt u onze concrete plannen en doelstellingen voor CO₂-reductie in de vastgoedsector.,https://www.vattenfall.nl/grootzakelijk/sectoren/vastgoed/paris-proof/,2026-03-02T13:37:25.5288217Z
https://www.vattenfall.nl//grootzakelijk/sectoren/vastgoed/vve-beheerders/,0F8EF28DF4559FBC,Duurzame elektriciteit 100% opgewekt uit Nederlandse wind   Kies voor NederlandseWind (https://www.vattenfall.nl/grootzakelijk/windenergie-bedrijven/nederlandse-wind/),Duurzame elektriciteit 100% opgewekt uit Nederlandse wind   Kies voor NederlandseWind (https://www.vattenfall.nl/grootzakelijk/windenergie-bedrijven/nederlandse-wind/),"The statement asserts that Vattenfall's 'NederlandseWind' product is 100% sustainably generated from Dutch wind, directly linking a Vattenfall offering to environmental benefit. This fits the definition of a Vattenfall sustainability claim.",Sustainable electricity 100% generated from Dutch wind  Choose DutchWind (https://www.vattenfall.nl/grootzakelijk/windenergie-bedrijven/nederlandse-wind/),Regular,False,3,GreenElectricity|GreenElectricity|GreenElectricity,Topic Renewable Energy is satisfied.|[GroenUitNlProduct] Het gebruik van 'duurzame elektriciteit' zonder uitleg is niet toegestaan. Maak duidelijk dat het om een product gaat en geef feitelijke onderbouwing.|Stroometiket-link ontbreekt bij deze productclaim. Voeg een directe link toe naar het actuele stroometiket van Vattenfall om de herkomst van de geleverde elektriciteit te onderbouwen.,"U kunt kiezen voor het NederlandseWind-product, waarbij u 100% elektriciteit ontvangt die is opgewekt uit windmolens in Nederland. Hierdoor kunt u uw elektriciteitsverbruik vergroenen, omdat deze stroom direct afkomstig is van Nederlandse windparken en bijdraagt aan het vermijden van CO2-uitstoot. Meer informatie en onderbouwing, inclusief het stroometiket als bewijs van herkomst, vindt u op https://www.vattenfall.nl/grootzakelijk/windenergie-bedrijven/nederlandse-wind/.",https://www.vattenfall.nl/grootzakelijk/windenergie-bedrijven/nederlandse-wind/,2026-03-02T13:37:25.1897005Z
https://www.vattenfall.nl//grootzakelijk/sectoren/vastgoed/vve-beheerders/,0782D39D2014420E,Groen gas als duurzamer alternatief voor aardgas   Kies voor NederlandsGroenGas (https://www.vattenfall.nl/grootzakelijk/groen-gas/nederlands-groen-gas/),Groen gas als duurzamer alternatief voor aardgas   Kies voor NederlandsGroenGas (https://www.vattenfall.nl/grootzakelijk/groen-gas/nederlands-groen-gas/),"The statement asserts a sustainability benefit (greener alternative) for a specific Vattenfall product (NederlandsGroenGas), meeting the definition of a Vattenfall sustainability claim.",Green gas as a more sustainable alternative to natural gas   Choose DutchGreenGas (https://www.vattenfall.nl/grootzakelijk/groen-gas/nederlands-groen-gas/),Comparison,False,1,GreenGas,"Topic Renewable Energy is satisfied.|[FossilFreeTerminology] |[CertificationVertiCer] Certification explanation not in claim or page context, but found in related URLs content.|[GreenComposition] De samenstelling of bron van groen gas moet altijd worden vermeld wanneer de term wordt gebruikt.","Groen gas als duurzamer alternatief voor aardgas, omdat het wordt geproduceerd uit organische reststromen zoals biomassa en afval, waardoor het een hernieuwbare energiebron is en doorgaans een lagere CO2-uitstoot heeft dan aardgas. Kies voor NederlandsGroenGas, waarvan meer informatie over duurzaamheid en herkomst te vinden is op https://www.vattenfall.nl/grootzakelijk/groen-gas/nederlands-groen-gas/.",https://www.vattenfall.nl/grootzakelijk/groen-gas/nederlands-groen-gas/,2026-03-02T13:37:24.6901781Z
https://www.vattenfall.nl//helder/,74135B08357C32FE,"Groene stroom (https://www.vattenfall.nl/groene-stroom/) is stroom die wordt opgewekt uit hernieuwbare energiebronnen die onuitputtelijk zijn. Denk aan: zon, wind en water. Op ons stroometiket (https://www.vattenfall.nl/stroom/stroometiket/) zie je dat ons product Groen uit Nederland 100% wordt opgewekt uit wind en zon uit eigen land.","Groene stroom (https://www.vattenfall.nl/groene-stroom/) is stroom die wordt opgewekt uit hernieuwbare energiebronnen die onuitputtelijk zijn. Denk aan: zon, wind en water. Op ons stroometiket (https://www.vattenfall.nl/stroom/stroometiket/) zie je dat ons product Groen uit Nederland 100% wordt opgewekt uit wind en zon uit eigen land.","The statement asserts that Vattenfall's 'Groen uit Nederland' product is 100% generated from renewable sources (wind and solar), which is a direct sustainability claim about a Vattenfall electricity product.","Green electricity (https://www.vattenfall.nl/groene-stroom/) is electricity generated from renewable energy sources that are inexhaustible. Think of: sun, wind, and water. On our electricity label (https://www.vattenfall.nl/stroom/stroometiket/) you can see that our product Green from the Netherlands is generated 100% from wind and sun from our own country.",Regular,False,1,EnergyLabel,"[GroenUitNlProduct] ","Op ons stroometiket (https://www.vattenfall.nl/stroom/stroometiket/) zie je voor het jaar 2023 precies uit welke energiebronnen onze stroom is opgewekt. Het stroometiket geeft inzicht in de samenstelling van onze elektriciteit, bijvoorbeeld het aandeel wind- en zonne-energie uit Nederland.",https://www.vattenfall.nl/groene-stroom/|https://www.vattenfall.nl/stroom/stroometiket/,2026-03-02T13:34:47.4918076Z
https://www.vattenfall.nl//helder/,BAA15522FDF64E5A,In 2024 ontvingen al onze klanten thuis en in het mkb 100% groene stroom uit Nederland. Bekijk ons stroometiket (https://www.vattenfall.nl/stroom/stroometiket/) om te zien uit welke bronnen onze stroom is opgewekt.,In 2024 ontvingen al onze klanten thuis en in het mkb 100% groene stroom uit Nederland. Bekijk ons stroometiket (https://www.vattenfall.nl/stroom/stroometiket/) om te zien uit welke bronnen onze stroom is opgewekt.,"The statement claims that Vattenfall supplied 100% green electricity from the Netherlands to all residential and SME customers in 2024, which is a direct sustainability claim about a Vattenfall product.","In 2024, all our customers at home and in small businesses received 100% green electricity from the Netherlands. Check our electricity label (https://www.vattenfall.nl/stroom/stroometiket/) to see which sources our electricity is generated from.",Regular,False,2,GreenElectricity|EnergyLabel,"Topic Renewable Energy is satisfied.|[GroenUitNlProduct] ","In 2024 ontvingen al onze klanten thuis en in het mkb 100% groene stroom uit Nederland via ons product GroenUitNL. De onderbouwing hiervan vindt u in ons stroometiket 2024 (https://www.vattenfall.nl/stroom/stroometiket/), waarin wordt weergegeven welke energiebronnen zijn gebruikt voor het opwekken van onze stroom, welk aandeel elke bron heeft in het totale elektriciteitsaanbod, en een overzicht van de samenstelling van onze geleverde elektriciteit in 2024.",https://www.vattenfall.nl/stroom/stroometiket/,2026-03-02T13:34:46.6744880Z
https://www.vattenfall.nl//helder/,DB1C2F7E756511B6,"Voor onze contracten vast, variabel en dynamisch geldt dat we ze leveren met ons product Groen uit Nederland. Dat is 100% groene stroom (https://www.vattenfall.nl/groene-stroom/) opgewerkt uit duurzame energiebronnen, zoals wind en zon. Bekijk ons stroometiket (https://www.vattenfall.nl/stroom/stroometiket/) .","Voor onze contracten vast, variabel en dynamisch geldt dat we ze leveren met ons product Groen uit Nederland. Dat is 100% groene stroom (https://www.vattenfall.nl/groene-stroom/) opgewerkt uit duurzame energiebronnen, zoals wind en zon. Bekijk ons stroometiket (https://www.vattenfall.nl/stroom/stroometiket/) .","The statement asserts that Vattenfall's fixed, variable, and dynamic contracts are supplied with 'Groen uit Nederland'—100% green electricity from renewable sources—making it a clear Vattenfall sustainability claim about its own product.","For our fixed, variable, and dynamic contracts, we supply them with our product Green from the Netherlands. This is 100% green electricity (https://www.vattenfall.nl/groene-stroom/) generated from sustainable energy sources, such as wind and sun. View our electricity label (https://www.vattenfall.nl/stroom/stroometiket/).",Regular,False,2,EnergyLabel|EnergyLabel,"Topic Renewable Energy is satisfied.|[GroenUitNlProduct] ","Voor onze contracten vast, variabel en dynamisch leveren wij stroom met ons product Groen uit Nederland. Dit bestaat uit 100% groene stroom, opgewekt uit duurzame energiebronnen zoals wind en zon. Bekijk ons stroometiket elektriciteit voor het jaar 2024 (https://www.vattenfall.nl/stroom/stroometiket/). Hierin ziet u precies uit welke energiebronnen onze stroom is opgewekt en welk aandeel elke bron heeft, zodat u inzicht krijgt in de samenstelling van uw elektriciteit.",https://www.vattenfall.nl/groene-stroom/|https://www.vattenfall.nl/stroom/stroometiket/,2026-03-02T13:34:46.0945348Z
https://www.vattenfall.nl//stroom/stroometiket/,B6A4A3DB55E375D0,"De stroom van dit product is 100% opgewekt met wind en zon: 94,1% wind uit Nederland 5,9% zon uit Nederland","De stroom van dit product is 100% opgewekt met wind en zon: 94,1% wind uit Nederland 5,9% zon uit Nederland De stroometiketten van het Modelcontract, TijdPrijs en FlexPrijs zijn gelijk aan het etiket van Groen uit Nederland.","The statement asserts that specific Vattenfall electricity products (Modelcontract, TijdPrijs, FlexPrijs) are 100% generated from Dutch wind and solar, and links them to 'Groen uit Nederland', a green electricity product. This directly implies a positive environmental impact and meets the definition of a Vattenfall sustainability claim.","The electricity for this product is generated 100% with wind and sun: 94.1% wind from the Netherlands, 5.9% sun from the Netherlands",Regular,False,2,GreenElectricity|EnergyLabel,[GroenUitNlProduct] |[EnergyLabelYearExplanationClaim] Year and/or explanation missing in claim snippet but clearly present elsewhere on the page/context.,"De stroom van het product Groen uit Nederland is 100% opgewekt met wind en zon: 94,1% wind uit Nederland en 5,9% zon uit Nederland. Bekijk het stroometiket van het Modelcontract, TijdPrijs en FlexPrijs voor meer informatie. [Link naar stroometiket]",https://www.vattenfall.nl/stroom/stroometiket/#onderdelen,2026-03-02T13:33:22.1452539Z
https://www.vattenfall.nl//stroom/stroometiket/,7CF527C286DE3BD2,"De stroom van deze producten is 100% opgewekt met wind, zon en water: 32,1% wind uit Nederland 64,0% zon uit Nederland 3,9% waterkracht uit Nederland","De stroom van deze producten is 100% opgewekt met wind, zon en water: 32,1% wind uit Nederland 64,0% zon uit Nederland 3,9% waterkracht uit Nederland","The statement describes the renewable origin of electricity for specific Vattenfall products, which is a direct sustainability claim per the definition.","The electricity for these products is generated 100% from wind, sun, and water: 32.1% wind from the Netherlands, 64.0% sun from the Netherlands, 3.9% hydropower from the Netherlands.",Regular,False,3,GreenElectricity|GreenElectricity|EnergyLabel,[GroenUitNlProduct] Zorg ervoor dat altijd duidelijk is dat het om een product gaat wanneer u over 'Groen uit Nederland' of vergelijkbare producten communiceert.|Let op: de claim moet altijd duidelijk maken voor welk(e) product(en) de genoemde percentages gelden om verwarring over de scope te voorkomen.|[EnergyLabelYearExplanationClaim] Year and/or explanation missing in claim snippet but clearly present elsewhere on the page/context.,"De stroom van het energieproduct VastePrijsStroom en Zakelijk VastePrijsStroom is 100% opgewekt met wind, zon en water uit Nederland: 32,1% wind uit Nederland, 64,0% zon uit Nederland en 3,9% waterkracht uit Nederland. Dit betreft elektriciteit. Er is geen officieel erkend energielabel aan dit product toegekend.",https://www.vattenfall.nl/stroom/stroometiket/#onderdelen,2026-03-02T13:33:21.6472903Z
https://www.vattenfall.nl//stroom/stroometiket/,CCA5E03BFEC8A13E,"De stroom van deze producten is 100% opgewekt met wind, zon en water: 64,1% wind uit Nederland 34,7% zon uit Nederland 1,2% waterkracht uit Nederland","De stroom van deze producten is 100% opgewekt met wind, zon en water: 64,1% wind uit Nederland 34,7% zon uit Nederland 1,2% waterkracht uit Nederland","The statement asserts that certain Vattenfall electricity products are 100% generated from renewable sources (wind, solar, hydro), which is a direct sustainability claim about those products.","The electricity for these products is generated 100% from wind, sun, and water: 64.1% wind from the Netherlands, 34.7% sun from the Netherlands, 1.2% hydropower from the Netherlands.",Regular,False,3,GreenElectricity|GreenElectricity|EnergyLabel,"Topic Renewable Energy is satisfied.|[GroenUitNlProduct] Zorg ervoor dat bij het benoemen van de herkomst van groene stroom altijd duidelijk is dat het om een specifiek product gaat, zoals GroenUitNL.|[EnergyLabelYearExplanationClaim] Year and/or explanation missing in claim snippet but clearly present elsewhere on the page/context.","De stroom van de producten 'Stroom' en 'Zakelijk Stroom' is 100% opgewekt met wind, zon en water uit Nederland: 64,1% wind, 34,7% zon en 12% waterkracht. Zie https://www.vattenfall.nl/stroom/stroometiket/#onderdelen voor onderbouwing.",https://www.vattenfall.nl/stroom/stroometiket/#onderdelen,2026-03-02T13:33:19.0007365Z
https://www.vattenfall.nl//stroom/stroometiket/,24E55D584812BB3C,"De stroom van dit organisatieonderdeel is 100% opgewekt met wind, zon en water: 77,6% wind uit Nederland 21,7% zon uit Nederland 0,7% waterkracht uit Nederland","De stroom van dit organisatieonderdeel is 100% opgewekt met wind, zon en water: 77,6% wind uit Nederland 21,7% zon uit Nederland 0,7% waterkracht uit Nederland","The statement describes the renewable origin of electricity supplied by a Vattenfall organizational unit, which is a Vattenfall sustainability claim per the definition.","The electricity for this organizational unit is generated 100% from wind, sun, and water: 77.6% wind from the Netherlands, 21.7% sun from the Netherlands, 0.7% hydropower from the Netherlands.",Regular,False,2,GreenElectricity|EnergyLabel,[GroenUitNlProduct] |[EnergyLabelYearExplanationClaim] Year and/or explanation missing in claim snippet but clearly present elsewhere on the page/context.,"De stroom die dit organisatieonderdeel afneemt is het product Groen uit Nederland (elektriciteit): 100% opgewekt met wind, zon en waterkracht uit Nederland (77,6% wind, 21,7% zon, 0,7% waterkracht).",https://www.vattenfall.nl/stroom/stroometiket/#onderdelen,2026-03-02T13:33:18.4825740Z
https://www.vattenfall.nl//stroom/stroometiket/,8F1978DA8C2A219B,De stroom van dit product is 100% duurzaam opgewekt door wind uit Nederland.,De stroom van dit product is 100% duurzaam opgewekt door wind uit Nederland.,"The statement describes a Vattenfall electricity product as 100% sustainably generated by Dutch wind, directly asserting an environmental benefit and referencing a Vattenfall offering.",The electricity for this product is generated 100% sustainably by wind power from the Netherlands.,Regular,False,4,GreenElectricity|GreenElectricity|GreenElectricity|EnergyLabel,"Topic Renewable Energy is satisfied.|[GroenUitNlProduct] |Let op: De claim moet verduidelijken dat de stroom uit het net een mix is, tenzij er een stroometiket-link wordt toegevoegd die de exclusiviteit van groene stroom onderbouwt.|[EnergyLabelYearExplanationClaim] Year and/or explanation missing in claim snippet but clearly present elsewhere on the page/context.","De stroom van het product 'Stroom van Hollandse Kust' wordt administratief gegarandeerd als 100% opgewekt door wind uit Nederland, doordat voor dit product uitsluitend Garanties van Oorsprong van Nederlandse windenergie worden gebruikt. Dit betekent dat er bij de productie geen directe CO2-uitstoot vrijkomt. De stroom die u uit het stopcontact ontvangt, is echter altijd een mix van groene en grijze stroom. Zie het stroometiket op https://www.vattenfall.nl/stroom/stroometiket/#onderdelen voor meer informatie en onderbouwing. Er wordt geen specifiek erkend energielabeltype genoemd; indien van toepassing, specificeer een erkend labeltype (elektriciteit of warmte).",https://www.vattenfall.nl/stroom/stroometiket/#onderdelen,2026-03-02T13:33:17.7228864Z
https://www.vattenfall.nl//stroom/stroometiket/,3551BD4D2348DAF5,"De stroom van dit organisatieonderdeel is voor 76,5% opgewekt met hernieuwbare bronnen: 40,0% wind uit Nederland 26,9% wind uit Europa 5,4% zon uit Nederland 0,1% zon uit Europa 0,2% waterkracht uit Nederland 0,1% waterkracht uit Europa 3,8% biomassa uit Nederland 23,5% aardgas","De stroom van dit organisatieonderdeel is voor 76,5% opgewekt met hernieuwbare bronnen: 40,0% wind uit Nederland 26,9% wind uit Europa 5,4% zon uit Nederland 0,1% zon uit Europa 0,2% waterkracht uit Nederland 0,1% waterkracht uit Europa 3,8% biomassa uit Nederland 23,5% aardgas","It asserts the renewable content of electricity supplied by a Vattenfall organization unit, describing the environmental characteristics of a Vattenfall product, which qualifies as a sustainability claim.","The electricity for this organizational unit is generated 76.5% from renewable sources: 40.0% wind from the Netherlands, 26.9% wind from Europe, 5.4% solar from the Netherlands, 0.1% solar from Europe, 0.2% hydropower from the Netherlands, 0.1% hydropower from Europe, 3.8% biomass from the Netherlands, 23.5% natural gas.",Regular,False,1,EnergyLabel,Topic Renewable Energy is satisfied.|[GroenUitNlProduct] |[EnergyLabelYearExplanationClaim] Year and/or explanation missing in claim snippet but clearly present elsewhere on the page/context.,"De stroom van dit organisatieonderdeel is voor 76,5% opgewekt met hernieuwbare bronnen: 40,0% wind uit Nederland, 26,8% wind uit Europa, 5,4% zon uit Nederland, 0,2% waterkracht uit Nederland, 3,8% biomassa uit Nederland en 23,5% aardgas. Voor meer informatie en onderbouwing, zie het officiële stroometiket: https://www.vattenfall.nl/stroom/stroometiket/#onderdelen.",https://www.vattenfall.nl/stroom/stroometiket/#onderdelen,2026-03-02T13:33:17.1703209Z
https://www.vattenfall.nl//stroom/stroometiket/,77517EFDEDF24040,"De stroom van organisatieonderdeel Vattenfall NL consumenten en mkb is voor 76,5% opgewekt met hernieuwbare bronnen. Dit organisatieonderdeel heeft 89 g/kWh CO2-uitstoot en geen radioactief afval.","De stroom van organisatieonderdeel Vattenfall NL consumenten en mkb is voor 76,5% opgewekt met hernieuwbare bronnen. Dit organisatieonderdeel heeft 89 g/kWh CO2-uitstoot en geen radioactief afval.","The statement asserts the renewable share and low CO2/radioactive waste of Vattenfall's electricity for consumers/SMEs, describing sustainability benefits of a specific Vattenfall offering.",The electricity of the Vattenfall NL consumer and SME division is generated 76.5% from renewable sources. This division has 89 g/kWh CO2 emissions and no radioactive waste.,Regular,False,1,EnergyLabel,[GroenUitNlProduct] |[EnergyLabelYearExplanationClaim] Year and/or explanation missing in claim snippet but clearly present elsewhere on the page/context.,Please specify a recognized energy label type (electricity or heat).,https://www.vattenfall.nl/stroom/stroometiket/#onderdelen,2026-03-02T13:33:16.3211683Z
https://www.vattenfall.nl//stroom/stroometiket/,158E0E56FE470590,"De producten Groen uit Nederland, Stroom van Hollandse Kust, Stroom en Zakelijk Stroom, VasteprijsStroom en Zakelijk VastePrijsStroom zijn 100% opgewekt met hernieuwbare bronnen. Daarom hebben ze geen CO2-uitstoot en geen radioactief afval.","De producten Groen uit Nederland, Stroom van Hollandse Kust, Stroom en Zakelijk Stroom, VasteprijsStroom en Zakelijk VastePrijsStroom zijn 100% opgewekt met hernieuwbare bronnen. Daarom hebben ze geen CO2-uitstoot en geen radioactief afval.","The statement describes the environmental benefits (100% renewable, no CO2, no radioactive waste) of named Vattenfall electricity products, meeting the definition of a Vattenfall sustainability claim.","The products Green from the Netherlands, Power from Hollandse Kust, Power and Business Power, Fixed Price Power and Business Fixed Price Power are 100% generated from renewable sources. Therefore, they have no CO2 emissions and no radioactive waste.",Regular,False,1,GreenElectricity,Topic Renewable Energy is satisfied.|[GroenUitNlProduct] Let op: Claims over CO2-uitstoot en radioactief afval moeten altijd feitelijk worden onderbouwd en voorzien zijn van een stroometiket-link als het om leveringsproducten gaat.,"De producten Groen uit Nederland, Stroom van Hollandse Kust, Stroom, Zakelijk Stroom, VasteprijsStroom en Zakelijk VastePrijsStroom zijn 100% opgewekt uit hernieuwbare bronnen, zoals wind- en zonne-energie. Hierdoor is er bij de opwekking geen directe CO2-uitstoot en geen radioactief afval. Bekijk het stroometiket voor meer informatie over de samenstelling en herkomst van deze producten: https://www.vattenfall.nl/stroom/stroometiket/#onderdelen.",https://www.vattenfall.nl/stroom/stroometiket/#onderdelen,2026-03-02T13:33:15.1149952Z
https://www.vattenfall.nl//stroom/stroometiket/,CD741BE588B5148E,De stroom van organisatieonderdeel Vattenfall NL consumenten en mkb is 100% opgewekt met hernieuwbare bronnen. Daarom heeft dit geen CO2-uitstoot en geen radioactief afval.,De stroom van organisatieonderdeel Vattenfall NL consumenten en mkb is 100% opgewekt met hernieuwbare bronnen. Daarom heeft dit geen CO2-uitstoot en geen radioactief afval.,"The statement describes the environmental benefits (renewable origin, no CO2, no radioactive waste) of Vattenfall's electricity product for consumers and SMEs, directly meeting the criteria for a Vattenfall sustainability claim.","The electricity from the Vattenfall NL consumer and SME division is generated 100% from renewable sources. Therefore, it has no CO2 emissions and no radioactive waste.",Regular,False,2,GreenElectricity|EnergyLabel,Topic Renewable Energy is satisfied.|[GroenUitNlProduct] |[EnergyLabelYearExplanationClaim] Year and/or explanation missing in claim snippet but clearly present elsewhere on the page/context.,De stroom die u afneemt als klant van het Vattenfall NL consumenten- en mkb-product is volgens het stroometiket 100% opgewekt uit hernieuwbare bronnen (elektriciteit). Tijdens de opwekking van deze elektriciteit komen geen directe CO2-uitstoot en geen radioactief afval vrij. Bekijk het stroometiket voor meer informatie: https://www.vattenfall.nl/stroom/stroometiket/#onderdelen,https://www.vattenfall.nl/stroom/stroometiket/#onderdelen,2026-03-02T13:33:14.3306455Z
https://www.vattenfall.nl//stroom/stroometiket/,2FAB40430C130DBD,In 2024 ontvingen al onze klanten thuis en in het mkb 100% groene stroom uit Nederland (https://www.vattenfall.nl/groene-stroom/) . En we streven ernaar dit de komende jaren te blijven doen door voldoende Garanties van Oorsprong in te kopen.,Komt alle groene stroom uit Nederland? In 2024 ontvingen al onze klanten thuis en in het mkb 100% groene stroom uit Nederland (https://www.vattenfall.nl/groene-stroom/) . En we streven ernaar dit de komende jaren te blijven doen door voldoende Garanties van Oorsprong in te kopen.,"The statement asserts that Vattenfall supplied 100% green electricity from the Netherlands to all residential and SME customers in 2024, and expresses an ambition to continue. This is a direct sustainability claim about a Vattenfall product.","In 2024, all our customers at home and in small and medium-sized businesses received 100% green electricity from the Netherlands (https://www.vattenfall.nl/groene-stroom/). And we aim to continue doing this in the coming years by purchasing sufficient Guarantees of Origin.",Ambition,False,4,GreenElectricity|GreenElectricity|GreenElectricity|EnergyLabel,[GroenUitNlProduct] Vermijd het gebruik van 'groene stroom uit Nederland' zonder duidelijk te maken dat het om een product gaat. Voeg altijd een verwijzing naar het stroometiket toe bij leveringsclaims.|Let op: De claim is niet compliant omdat het niet duidelijk maakt dat het net een mix van groene en grijze stroom bevat. De voorgestelde tekst biedt de noodzakelijke toelichting.|[EnergyLabelYearExplanationClaim] Year and/or explanation missing in claim snippet but clearly present elsewhere on the page/context.,"In 2024 ontvingen alle particuliere en mkb-klanten van Vattenfall Nederland met een stroomcontract 100% groene stroom uit Nederland via ons product 'Groen uit Nederland'. Dit wordt administratief geregeld door het inkopen van voldoende Garanties van Oorsprong uit Nederland voor deze leveringen. De stroom die uit het stopcontact komt, is echter altijd een mix van groene en grijze stroom; wij zorgen ervoor dat uw verbruik wordt gecertificeerd als groene stroom uit Nederland. Bekijk het stroometiket voor meer informatie: [Link naar stroometiket]. Wij streven ernaar dit de komende jaren te blijven doen door onze inkoopstrategie hierop af te stemmen en jaarlijks voldoende Garanties van Oorsprong uit Nederland in te kopen.",https://www.vattenfall.nl/groene-stroom/,2026-03-02T13:33:13.1125506Z
https://www.vattenfall.nl//stroom/stroometiket/,107A98A674263A20,Bij Vattenfall Groep Nederland wordt een steeds groter deel van de stroom opgewekt met hernieuwbare bronnen.,Bij Vattenfall Groep Nederland wordt een steeds groter deel van de stroom opgewekt met hernieuwbare bronnen.,"The statement describes a Vattenfall activity (electricity generation) and asserts increased use of renewables, which is a direct sustainability claim about Vattenfall's electricity product.","At Vattenfall Group Netherlands, an increasingly larger portion of the electricity is generated using renewable sources.",Ambition,False,3,Ambition_PlansAndMeasuresPresent|GreenElectricity|EnergyLabel,[GroenUitNlProduct] |Claim is non-compliant: it does not clarify the coexistence of green and grey electricity in the mix.,"Vattenfall Groep Nederland streeft ernaar om het aandeel hernieuwbare bronnen in de stroomopwekking de komende jaren verder te vergroten. Op dit moment levert Vattenfall een mix van groene (hernieuwbare) en grijze (fossiele) stroom; in 2024 bestaat deze mix uit 76,5% hernieuwbare bronnen en 23,5% aardgas. Zie het stroometiket elektriciteit (https://www.vattenfall.nl/media/_0sitewide-blokken/duurzaamheid--cf-fb-ptm/stroometiket-vattenfall-2024.jpg) voor de actuele verdeling en onze plannen voor verdere verduurzaming.",https://www.vattenfall.nl/media/_0sitewide-blokken/duurzaamheid--cf-fb-ptm/stroometiket-vattenfall-2024.jpg,2026-03-02T13:33:12.3028888Z
https://www.vattenfall.nl//stroom/stroometiket/,877DD3E808B46291,Stadswarmte met biomassa Biowarmte-installatie Diemen (https://www.vattenfall.nl/stadsverwarming/warmtenetten-en-warmtebronnen/biomassa-voor-stadsverwarming/),Stadswarmte met biomassa Biowarmte-installatie Diemen (https://www.vattenfall.nl/stadsverwarming/warmtenetten-en-warmtebronnen/biomassa-voor-stadsverwarming/),"Mentions a Vattenfall district heating product (stadswarmte) with a renewable/biomass source, which by definition implies a sustainability claim per the rules.",City heating with biomass Biowarmth installation Diemen (https://www.vattenfall.nl/stadsverwarming/warmtenetten-en-warmtebronnen/biomassa-voor-stadsverwarming/),Unspecified,False,1,HeatAndCold,"Topic Renewable Energy is satisfied.|[HeatLabelWhenData] Non-compliance: When presenting information about the sources of heat (such as biomass), the heat label must be included to meet regulatory requirements for transparency.","Stadswarmte in Diemen wordt deels opgewekt met biomassa via de Biowarmte-installatie. Meer informatie over de duurzaamheid en herkomst van deze biomassa is te vinden op https://www.vattenfall.nl/stadsverwarming/warmtenetten-en-warmtebronnen/biomassa-voor-stadsverwarming/. Het actuele warmte-etiket, met informatie over de samenstelling en duurzaamheid van de gebruikte warmtebronnen, is beschikbaar op https://www.vattenfall.nl/stadsverwarming/warmte-etiket/.",https://www.vattenfall.nl/stadsverwarming/warmtenetten-en-warmtebronnen/biomassa-voor-stadsverwarming/,2026-03-02T13:33:11.8502635Z
https://www.vattenfall.nl//stroom/stroometiket/,CEA864FB419BA25E,Steeds meer elektriciteit opwekken met wind Elektriciteit opwekken met wind (https://www.vattenfall.nl/over-vattenfall/onze-energiebronnen/windenergie/),Steeds meer elektriciteit opwekken met wind Elektriciteit opwekken met wind (https://www.vattenfall.nl/over-vattenfall/onze-energiebronnen/windenergie/),"The statement describes Vattenfall's increasing use of wind power to generate electricity, which is a renewable energy source. This implies a positive environmental impact and is therefore a Vattenfall sustainability claim.",Generating more and more electricity with wind Generating electricity with wind (https://www.vattenfall.nl/over-vattenfall/onze-energiebronnen/windenergie/),Ambition,False,2,GreenElectricity|GreenElectricity,Topic Renewable Energy is satisfied.|[GroenUitNlProduct] |De scope van de claim was niet duidelijk; het is nu gespecificeerd dat het om de totale stroomproductie van Vattenfall Groep Nederland gaat.|General claims about electricity production must clarify that the grid contains both green and grey electricity unless the offering is exclusively green.,"Vattenfall Groep Nederland streeft ernaar om het aandeel van windenergie in haar totale elektriciteitsproductie jaarlijks te vergroten, bijvoorbeeld met als doel [specifiek doel, zoals: '50% van de elektriciteit uit wind in 2030']. Het aandeel wind in de brandstofmix is de afgelopen jaren toegenomen. Let op: de stroom die uit het net komt is een mix van groene en grijze elektriciteit. Meer informatie over onze plannen en voortgang vindt u op https://www.vattenfall.nl/over-vattenfall/onze-energiebronnen/windenergie/.",https://www.vattenfall.nl/over-vattenfall/onze-energiebronnen/windenergie/,2026-03-02T13:33:11.4139178Z
https://www.vattenfall.nl//stadsverwarming/warmtenetten-en-warmtebronnen/amsterdam/,4FB191699C0F602C,De koudenetten van Amsterdam haalden in 2024 85% van hun koude uit oppervlaktewater. Dat is een hernieuwbare bron. Meer informatie over de herkomst van de koude is te vinden op het warmte-etiket.  Bekijk het warmte-etiket (https://www.vattenfall.nl/stadsverwarming/warmte-etiket/),De koudenetten van Amsterdam haalden in 2024 85% van hun koude uit oppervlaktewater. Dat is een hernieuwbare bron. Meer informatie over de herkomst van de koude is te vinden op het warmte-etiket.  Bekijk het warmte-etiket (https://www.vattenfall.nl/stadsverwarming/warmte-etiket/),"The statement describes the renewable sourcing of cooling for Vattenfall's Amsterdam cold networks, directly linking a Vattenfall service to a positive environmental impact, which meets the definition of a Vattenfall sustainability claim.","In 2024, Amsterdam's cooling networks obtained 85% of their cooling from surface water. This is a renewable source. More information about the origin of the cooling can be found on the heat label.  View the heat label (https://www.vattenfall.nl/stadsverwarming/warmte-etiket/)",Regular,True,0,,Topic Renewable Energy is satisfied.|[EnergyLabelYearExplanationClaim] Year and/or explanation missing in claim snippet but clearly present elsewhere on the page/context.,,https://www.vattenfall.nl/stadsverwarming/warmte-etiket/,2026-03-02T13:27:20.4192648Z
